;;;
;Остатки на складах АСТАРИ;;на 25.04.2024
;Артикул;Наименование;Склад АСТАРИ
;Генераторы EUROPOWER (Бельгия);;
;SA0950260-S1;Генератор бензиновый Europower EP 2500;++
;SA0990300;Генератор бензиновый Europower EP 3300;++
;SA0990300-S2;Генератор бензиновый Europower EP 3300;ожидается
;SA0950398-S2;Генератор бензиновый Europower EP 4100;++
;SA506;Генератор бензиновый Europower EP 5000 T (3х230В)  ;++
;SA0950590-S2;Генератор бензиновый Europower EP 6000;ожидается
;SA0950590;Генератор бензиновый Europower EP 6000;ожидается
;SA0950601-S1;Генератор бензиновый Europower EP 6000 E;++
;SA0950608;Генератор бензиновый Europower EP 6000 LNE  ;ожидается
;SA0950642;Генератор бензиновый Europower EP 6500 T;ожидается
;SA0950642-S2;Генератор бензиновый Europower EP 6500 T;++
;SA431;Генератор бензиновый Europower EP 6500 T (3х230В);+
;950000654;Генератор бензиновый Europower EP 6500 TLN;ожидается
;SA0950653-S1;Генератор бензиновый Europower EP 6500 TE;+
;950000653-S9;Генератор бензиновый Europower EP 6500 TE;+
;950000700;Генератор бензиновый Europower EP 7000;++
;SA0950708-S1;Генератор бензиновый Europower EP 7000 LNE;++
;990001001-S6;Генератор бензиновый Europower EP 10000 E;+
;950001201-S4;Генератор бензиновый Europower EP 12000 E;++
;950001203;Генератор бензиновый Europower EP 13500 TE;++
;950001203-S12;Генератор бензиновый Europower EP 13500 TE;++
;950001401-S3;Генератор бензиновый Europower EP 14000 E ;ожидается
;SA0951501;Генератор бензиновый Europower EP 16000 E;++
;SA0951503;Генератор бензиновый Europower EP 16000 TE;++
;957001801;Генератор бензиновый Europower EP 18000 E  ;+
;950001803;Генератор бензиновый Europower EP 18000 TE;ожидается
;957002001;Генератор бензиновый Europower EP 20000 E;ожидается
;957001803-S3;Генератор бензиновый Europower EP 20000 ТЕ;ожидается
;957002203;Генератор бензиновый Europower EP 22000 TE  ;ожидается
;957002503;Генератор бензиновый Europower EP 25000 TE ;ожидается
;SA0950611    ;Генератор бензиновый Europower EPS 6000 E;ожидается
;950000663;Генератор бензиновый Europower EPS 6500 TE;ожидается
;990001011-S7;Генератор бензиновый Europower EPS 10000 E;ожидается
;950001211-S3;Генератор бензиновый Europower EPS 12000 E;++
;990001213;Генератор бензиновый Europower EPS 12000 TE;ожидается
;950001513-S7;Генератор бензиновый Europower EPS 15000 TE;ожидается
;SA0951994;Генератор бензиновый сварочный Europower EP 200 X;++
;SA0951994-S1;Генератор бензиновый сварочный Europower EP 200 X;++
;SA0951994-S2;Генератор бензиновый сварочный Europower EP 200 X;+
;950002008;Генератор бензиновый сварочный Europower EP 200 Х/25 DC;ожидается
;950002107;Генератор бензиновый сварочный Europower EP 200 Х2/25 DC;ожидается
;SA0951894;Генератор бензиновый сварочный Europower EP 200 X1 (перем.ток);++
;SA0952094-S1;Генератор бензиновый сварочный Europower EP 200 X2 (пост.ток);ожидается
;SA432;Генератор бензиновый сварочный Europower EP 200 Х 3X230V;ожидается
;SA0952605;Генератор бензиновый сварочный Europower EP 250 ХЕ;ожидается
;950003105;Генератор бензиновый сварочный Europower EP 300 XE;ожидается
;950003105-S2;Генератор бензиновый сварочный Europower EP 300 XE;ожидается
;957004005;Генератор бензиновый сварочный Europower EP 400 ХЕ;ожидается
;951110903;Электростанция дизельная Europower EP 8 DE;ожидается
;951111101;Электростанция дизельная Europower EP 11 DE;ожидается
;991111403;Электростанция дизельная Europower EP 14 TDE;ожидается
;991111413;Электростанция дизельная Europower EPS 14 TDE;ожидается
;951111801;Электростанция дизельная Europower EP 18 DE;ожидается
;951010601;Электростанция дизельная Europower EP 73 DE;ожидается
;991113403;Электростанция дизельная Europower EP 34 TDE;ожидается
;991114403;Электростанция дизельная Europower EP 44 TDE;ожидается
;793106003;Электростанция дизельная Europower EP 60 TDE;ожидается
;793106013;Электростанция дизельная Europower EPS 60 TDE;ожидается
;951010653;Электростанция дизельная Europower EP 83 TDE;ожидается
;790108503;Электростанция дизельная Europower EP 85 TDE;ожидается
;790108513;Электростанция дизельная Europower EPS 85 TDE;ожидается
;790110013;Электростанция дизельная Europower EPS 100 TDE;ожидается
;790110003;Электростанция дизельная Europower EP 100 TDE;ожидается
;991010801;Электростанция дизельная Europower EP 103 DE;ожидается
;951011003;Электростанция дизельная Europower EP 113 TDE;ожидается
;951011201;Электростанция дизельная Europower EP 123 DE;ожидается
;790113003;Электростанция дизельная Europower EP 130 TDE;ожидается
;790113013;Электростанция дизельная Europower EPS 130 TDE;ожидается
;951011303;Электростанция дизельная Europower EP 133 TDE;ожидается
;790115003;Электростанция дизельная Europower EP 150 TDE;ожидается
;790115013;Электростанция дизельная Europower EPS 150 TDE;ожидается
;790118003;Электростанция дизельная Europower EP 180 TDE;ожидается
;790118013;Электростанция дизельная Europower EPS 180 TDE;ожидается
;790120003;Электростанция дизельная Europower EP 200 TDE;ожидается
;790120013;Электростанция дизельная Europower EPS 200 TDE;ожидается
;790125003;Электростанция дизельная Europower EP 250 TDE;ожидается
;790125013;Электростанция дизельная Europower EPS 250 TDE;ожидается
;790231503;Электростанция дизельная Europower EP 315 TDE;ожидается
;790231513;Электростанция дизельная Europower EPS 315 TDE;ожидается
;790241003;Электростанция дизельная Europower EP 410 TDE;ожидается
;790241013;Электростанция дизельная Europower EPS 410 TDE;ожидается
;790250003;Электростанция дизельная Europower EP 500 TDE;ожидается
;790250013;Электростанция дизельная Europower EPS 500 TDE;ожидается
;790260003;Электростанция дизельная Europower EP 600 TDE;ожидается
;790260013;Электростанция дизельная Europower EPS 600 TDE;ожидается
;991110903;Электростанция дизельная Europower EP 9 TDE;ожидается
;951011901;Электростанция дизельная Europower EP 193 DE;ожидается
;953011804;Генератор дизельный сварочный Europower EP 180 DX2 DC;ожидается
;953011805;Генератор дизельный сварочный Europower EP 180 DX2E DC;ожидается
;953011904;Генератор дизельный сварочный Europower EP 180 DX;ожидается
;953011905;Генератор дизельный сварочный Europower EP 180 DXE;ожидается
;955012004;Генератор дизельный сварочный Europower EP 200 DX1 AC;ожидается
;955012104;Генератор дизельный сварочный Europower EP 200 DX2 DC;ожидается
;955012105;Генератор дизельный сварочный Europower EP 200 DX2E DC;ожидается
;955012005;Генератор дизельный сварочный Europower EP 200 DX1E AC;ожидается
;955012204;Генератор дизельный сварочный Europower EP 220 DX;ожидается
;955012205;Генератор дизельный сварочный Europower EP 220 DXE;ожидается
;951012305;Генератор дизельный сварочный Europower EPS 230 DXE DC;ожидается
;951013005;Генератор дизельный сварочный Europower EPS 300 DXE DC;ожидается
;993010280;Электростанция дизельная Europower EP 2800 D;ожидается
;993010281;Электростанция дизельная Europower EP 2800 DE;ожидается
;953010400;Электростанция дизельная Europower EP 4000 D;ожидается
;953010401;Электростанция дизельная Europower EP 4000 DE;ожидается
;953010600;Электростанция дизельная Europower EP 6000 D;ожидается
;953010601;Электростанция дизельная Europower EP 6000 DE;ожидается
;953010602;Электростанция дизельная Europower EP 6000 TD;ожидается
;953010603;Электростанция дизельная Europower EP 6000 TDE;ожидается
;951011601;Электростанция дизельная Europower EP 163 DE;ожидается
;991011803;Электростанция дизельная Europower EP 183 DE;ожидается
;991012403;Электростанция дизельная Europower EP 243 TDE;ожидается
;951110911;Электростанция дизельная Europower EPS 8 DE;ожидается
;951111811;Электростанция дизельная Europower EPS 18 DE;ожидается
;951111811HEAT;Электростанция дизельная Europower EPS 18 DE с подогревом охл. жидкости;ожидается
;991113001;Электростанция дизельная Europower EP 30 DE;ожидается
;991113011;Электростанция дизельная Europower EPS 30 DE;ожидается
;991113011HEAT;Электростанция дизельная Europower EPS 30 DE с подогревом охл. жидкости;ожидается
;951010711;Электростанция дизельная Europower EPS 73 DE;ожидается
;991011011;Электростанция дизельная Europower EPS 103 DE;ожидается
;991011012-S13;Электростанция дизельная Europower EPS 103 DE бак 25 л;ожидается
;991110913;Электростанция дизельная Europower EPS 9 TDE;ожидается
;951111111;Электростанция дизельная Europower EPS 11 DE;ожидается
;991112003;Электростанция дизельная Europower EP 20 TDE;ожидается
;981112014;Электростанция дизельная Europower EPS 20 TDE;ожидается
;981112014-S71;Электростанция дизельная Europower EPS 20 TDE;ожидается
;951010813;Электростанция дизельная Europower EPS 83 TDE;ожидается
;951011114-S59;Электростанция дизельная Europower EPS 113 TDE;++
;951011312;Электростанция дизельная Europower EPS 123 DE;ожидается
;951011414-S31;Электростанция дизельная Europower EPS 133 TDE;++
;951011612;Электростанция дизельная Europower EPS 163 DE;ожидается
;951011611HEAT;Электростанция дизельная Europower EPS 163 DE с подогревом охл. жидкости;ожидается
;991011813HEAT;Электростанция дизельная Europower EPS 183 TDE с подогревом охл. Жидкости;ожидается
;951011911;Электростанция дизельная Europower EPS 193 DE;ожидается
;951011911HEAT;Электростанция дизельная Europower EPS 193 DE с подогревом охл. жидкости;++
;991012413;Электростанция дизельная Europower EPS 243 TDE;ожидается
;991012413HEAT;Электростанция дизельная Europower EPS 243 TDE с подогревом охл. Жидкости;ожидается
;991013313-S4;Электростанция дизельная Europower EPS 333 TDE;ожидается
;991013313;Электростанция дизельная Europower EPS 333 TDE;ожидается
;991013313HEAT;Электростанция дизельная Europower EPS 333 TDE с подогревом охл. жидкости;ожидается
;981112014HEAT;Электростанция дизельная Europower EPS 20 TDE с подогревом охл. жидкости;++
;991113413;Электростанция дизельная Europower EPS 34 TDE;ожидается
;991113413-S3;Электростанция дизельная Europower EPS 34 TDE;ожидается
;991113413HEAT;Электростанция дизельная Europower EPS 34 TDE с подогревом охл. Жидкости;ожидается
;981114413-S58;Электростанция дизельная Europower EPS 44 TDE;ожидается
;991114413;Электростанция дизельная Europower EPS 44 TDE;ожидается
;991114413HEAT;Электростанция дизельная Europower EPS 44 TDE с подогревом охл. жидкости;ожидается
;Генераторы Honda (Япония);;
;EU10iT1RG;Генератор бензиновый инверторный Honda EU 10I;++
;EU22ITRH;Генератор бензиновый инверторный Honda EU 22 IT RH;++
;EU30iS1RGA6;Генератор бензиновый инверторный Honda EU 30Is;++
;EU70iSRGT;Генератор бензиновый инверторный Honda EU 70is;-
;EP2500CX1RGH;Генератор бензиновый Honda EP 2500 CX1;-
;EG5500CXSRGH;Генератор бензиновый Honda EG 5500CXS;-
;EG5000CXRHC;Генератор бензиновый Honda EG 5000 CX;+
;ER2500CXRH;Генератор бензиновый Honda ER 2500 CX;-
;EC2500CX3RHH1K;Генератор бензиновый Honda EC 2500 CX;+
;EQ3000CX;Генератор бензиновый Honda EQ 3000 CX;-
;EG4000CXRHC;Генератор бензиновый Honda EG 4000 CX;-
;EG6500CXRHC;Генератор бензиновый Honda EG 6500 CX;-
;EG6500CXSRHC;Генератор бензиновый Honda EG 6500 CXS;-
;EM10000K1RHC;Генератор бензиновый Honda EM 10000 K1;-
;ET12000K1RGH;Генератор бензиновый Honda ЕT 12000;-
;Мотопомпы Honda (Япония);;
;WX10TE1;Мотопомпа бензиновая Honda WX-10 К1;-
;WX15TE;Мотопомпа бензиновая Honda WX-15 ЕX1;-
;WB20XT4DRX;Мотопомпа бензиновая Honda WB 20;++
;WB30XT3DRX;Мотопомпа бензиновая Honda WB 30;++
;WT20XK4DE;Мотопомпа бензиновая Honda WT 20;++
;WT30XK4DE;Мотопомпа бензиновая Honda WT 30;-
;WT40XK3DE;Мотопомпа бензиновая Honda WT 40;-
;WH20XTEFX;Мотопомпа бензиновая Honda WH 20;-
;WMP20X1E1T;Мотопомпа бензиновая Honda WMP 20;-
;Генераторы B&S (США);;-
;100005E;Масло для 4-тактных двигателей B&S SAE30 0,6 л;++
;100007W;Масло моторное 5W30 1L*;++
;30800;Генератор бензиновый инверторный Briggs & Stratton P 2400 Inverter;++
;30674;Генератор бензиновый инверторный Briggs & Stratton P 3000;-
;30806;Генератор бензиновый инверторный Briggs & Stratton P 4500 Inverter   ;++
;30852;Генератор бензиновый инверторный Briggs & Stratton Q 6500 Inverter   ;++
;30722;Генератор бензиновый Briggs & Stratton Elite 8500;++
;40495;Генератор газовый Briggs & Stratton G80;-
;40491;Генератор газовый Briggs & Stratton G110;-
;40489;Генератор газовый Briggs & Stratton G140;-
;Генераторы Yamaha (Япония);;
;7PB329-060A;Генератор бензиновый инверторный Yamaha EF 2000 iS;-
;7C1305-030A;Генератор бензиновый Yamaha EF 1000 FW;-
;7C2322-070A;Генератор бензиновый Yamaha EF 2600 FW;-
;7P5316-060A;Генератор бензиновый Yamaha EF 5500 FW;-
;7P5317-070A;Генератор бензиновый Yamaha EF 5500 EFW;-
;7P6321-070A;Генератор бензиновый Yamaha EF 7200 E;-
;7UYB00-010A;Генератор бензиновый Yamaha EF 14000 E;-
;7UYC00-010A;Генератор бензиновый Yamaha EF 17000 TE;-
;Генераторы Zongshen (КНР);;
;1T90DFQ20;Генератор бензиновый инверторный Zongshen BQH 2000 ;++
;1T90DFQ22;Генератор бензиновый инверторный Zongshen BQH 2200;++
;1T90DFQ23;Генератор бензиновый инверторный Zongshen BQH 2200 E;++
;1T90DFQ28;Генератор бензиновый инверторный Zongshen BQH 2800 НОВИНКА!;++
;1T90DFQ29;Генератор бензиновый инверторный Zongshen BQH 2800 E НОВИНКА!;++
;1T90DFQ33;Генератор бензиновый инверторный Zongshen BQH 3300 НОВИНКА!;++
;1T90DF33E;Генератор бензиновый инверторный Zongshen BQH 3300 E НОВИНКА!;++
;1T90DF351;Генератор бензиновый инверторный Zongshen BQH 3500;++
;1T90DF352;Генератор бензиновый инверторный Zongshen BQH 3500 E;ожидается
;1T90DFQ40;Генератор бензиновый инверторный Zongshen BQH 4000;++
;1T90DFQ41;Генератор бензиновый инверторный Zongshen BQH 4000 E;++
;1T90DFBQ9;Генератор бензиновый инверторный Zongshen BQH 9000 E НОВИНКА!;++
;1T90DFB40;Генератор бензиновый инверторный Zongshen BPB 4000 ;++
;1T90DFB41;Генератор бензиновый инверторный Zongshen BPB 4000 E ;++
;1T90DFB50;Генератор бензиновый инверторный Zongshen BPB 4500;++
;1T90DFB51;Генератор бензиновый инверторный Zongshen BPB 4500 E;++
;1T90DFB91;Генератор бензиновый инверторный Zongshen BPB 9000 E;++
;1T90DF650;Генератор бензиновый инверторный Zongshen BQH 6200 E НОВИНКА!;ожидается
;1T90DF130;Генератор бензиновый Zongshen PB 1800 ;++
;1T90DF201;Генератор бензиновый Zongshen PB 2500;++
;1T90DF332;Генератор бензиновый Zongshen PB 3300;++
;1T90DF333;Генератор бензиновый Zongshen PB 3300 E ;++
;1T90DF502;Генератор бензиновый Zongshen PB 5000 ;++
;1T90DF503;Генератор бензиновый Zongshen PB 5000 E ;++
;1T90DF603;Генератор бензиновый Zongshen PB 6000 ;++
;1T90DF604;Генератор бензиновый Zongshen PB 6000 E ;++
;1T90DF705;Генератор бензиновый Zongshen PB 7000 ;++
;1T90DF706;Генератор бензиновый Zongshen PB 7000 E ;++
;1T90DF200;Генератор бензиновый Zongshen KB 2500;++
;1T90DF330;Генератор бензиновый Zongshen KB 3300 ;++
;1T90DF331;Генератор бензиновый Zongshen KB 3300E ;++
;1T90DF500;Генератор бензиновый Zongshen KB 5000;++
;1T90DF501;Генератор бензиновый Zongshen KB 5000E;++
;1T90DF600;Генератор бензиновый Zongshen KB 6000;++
;1T90DF601;Генератор бензиновый Zongshen KB 6000 E;++
;1T90DF700;Генератор бензиновый Zongshen KB 7000 ;++
;1T90DF703;Генератор бензиновый Zongshen KB 7000 E;++
;1T90DF704;Генератор бензиновый Zongshen KB 7003;++
;1T90DF733;Генератор бензиновый Zongshen KB 7003 E;++
;1T90DF800;Генератор бензиновый Zongshen KB 9000 E ;++
;1T90DF801;Генератор бензиновый Zongshen KB 9003 E ;+
;1T90DF901;Генератор бензиновый Zongshen PB 11000 E ;++
;1T90DF122;Генератор бензиновый Zongshen PB 12000 E ;++
;1T90DF123;Генератор бензиновый Zongshen PB 12003 E ;++
;1T90DF150;Генератор бензиновый Zongshen PB 15000 E ;++
;1T90DF151;Генератор бензиновый Zongshen PB 15003 E ;++
;1T90DF180;Генератор бензиновый Zongshen PB 18000 E ;++
;1T90DF181;Генератор бензиновый Zongshen PB 18003 E ;++
;1T90DF220;Генератор бензиновый Zongshen PB 22000 E ;++
;1T90DF221;Генератор бензиновый Zongshen PB 22003 E ;++
;1T90DFQ11;Генератор бензиновый Zongshen QB 12000 E;++
;1T90DFQ10;Генератор бензиновый Zongshen QB 12003 E;ожидается
;1T90DFQ75;Генератор бензиновый Zongshen QB 9000 E;ожидается
;1T90DF750;Генератор бензиновый инверторный Zongshen BQH 7500 E НОВИНКА!;ожидается
;Мотопомпы Zongshen (КНР);;
;1T90SHG15;Мотопомпа бензиновая Zongshen HG 15;ожидается
;1T90SHG20;Мотопомпа бензиновая Zongshen HG 20 ;++
;1T90SHG30;Мотопомпа бензиновая Zongshen HG 30;++
;1T90SMG20;Мотопомпа бензиновая Zongshen MG 20;ожидается
;1T90STG20;Мотопомпа бензиновая Zongshen TG 20 ;++
;1T90STG30;Мотопомпа бензиновая Zongshen TG 30;ожидается
;1T90SWG20;Мотопомпа бензиновая Zongshen WG 20;++
;1T90SWG30;Мотопомпа бензиновая Zongshen WG 30;++
;1T90SWG40;Мотопомпа бензиновая Zongshen WG 40 НОВИНКА!!!;++
;1T90SXG10;Мотопомпа бензиновая Zongshen XG 10;++
;1T90SXG15;Мотопомпа бензиновая Zongshen XG 15 ;++
;1T90SMG30;Мотопомпа бензиновая Zongshen MG 30 НОВИНКА!;ожидается
;МОТОПОМПЫ KOSHIN (Япония);;
;SEV-25L;Мотопомпа бензиновая SEV-25 L;++
;SEV-25F;Мотопомпа бензиновая SEV-25 F;наличие уточняйте
;SEV-40F;Мотопомпа бензиновая SEV-40 F;наличие уточняйте
;SEV-50X;Мотопомпа бензиновая SEV-50 X;++
;SEV-80X;Мотопомпа бензиновая SEV-80 X;++
;SEV-100X;Мотопомпа бензиновая SEV-100 X;+
;STV-50X;Мотопомпа бензиновая STV-50 X;++
;STV-80X;Мотопомпа бензиновая STV-80 X;++
;STV-100X;Мотопомпа бензиновая STV-100 X;+
;KTZ-50X;Мотопомпа бензиновая KTZ-50 X;+
;KTZ-80X;Мотопомпа бензиновая KTZ-80 X;наличие уточняйте
;KTZ-100X;Мотопомпа бензиновая KTZ-100 X;наличие уточняйте
;KTZ-100S;Мотопомпа бензиновая KTZ-100 S;наличие уточняйте
;SERV-50Z;Мотопомпа бензиновая SERV-50 Z;наличие уточняйте
;SEH-50JP ;Мотопомпа бензиновая SEH-50 JP ;наличие уточняйте
;SEH-80JP ;Мотопомпа бензиновая SEH-80 JP ;наличие уточняйте
;SEH-100X;Мотопомпа бензиновая SEH-100 X;++
;STH-50X;Мотопомпа бензиновая STH-50 X;++
;STH-80X;Мотопомпа бензиновая STH-80X;++
;STH-100X;Мотопомпа бензиновая KTZ-100 S;наличие уточняйте
;KTH-50X;Мотопомпа бензиновая KTH-50 X;++
;KTH-80X;Мотопомпа бензиновая KTH-80 X;наличие уточняйте
;KTH-80S;Мотопомпа бензиновая KTH-50 X;наличие уточняйте
;KTH-100X;Мотопомпа бензиновая KTH-100 X;++
;KTH-100S;Мотопомпа бензиновая KTH-100 S;наличие уточняйте
;SERH-50B;Мотопомпа бензиновая SERH-50 B;+
;SERH-50V;Мотопомпа бензиновая SERH-50 V;+
;SERH-50Z;Мотопомпа бензиновая SERH-50 Z;+
;PGH-50;Мотопомпа бензиновая PGH-50;++
;SEY-80D;Мотопомпа дизельная SEY-80 D;наличие уточняйте
;SEY-100D;Мотопомпа дизельная SEY-100 D;наличие уточняйте
;STY-50D;Мотопомпа дизельная STY-50 D;наличие уточняйте
;STY-80D;Мотопомпа дизельная STY-80 D;наличие уточняйте
;STY-100D;Мотопомпа дизельная STY-100 D;наличие уточняйте
;KTY-50D;Мотопомпа дизельная KTY-50 D;наличие уточняйте
;KTY-80D;Мотопомпа дизельная KTY-80 D;наличие уточняйте
;KTY-100D;Мотопомпа дизельная KTY-100 D;наличие уточняйте
;МОТОПОМПЫ DAISHIN(Япония);;
;PTG208;Мотопомпа бензиновая Daishin PTG 208;наличие уточняйте
;PTG208H;Мотопомпа бензиновая Daishin PTG 208 H;++
;PTG208T;Мотопомпа бензиновая Daishin PTG 208 T;наличие уточняйте
;PTG208ST;Мотопомпа бензиновая Daishin PTG 208ST;наличие уточняйте
;PTG307;Мотопомпа бензиновая Daishin PTG 307;наличие уточняйте
;PTG307ST;Мотопомпа бензиновая Daishin PTG 307 ST;наличие уточняйте
;PTX301T;Мотопомпа бензиновая Daishin PTX 301 T;+
;PTX401;Мотопомпа бензиновая Daishin PTX 401;наличие уточняйте
;PTX401T;Мотопомпа бензиновая Daishin PTX 401 T;наличие уточняйте
;SCH-5050HX;Мотопомпа бензиновая Daishin SCH-5050 HX;наличие уточняйте
;SCR-100HX;Мотопомпа бензиновая Daishin SCR-100 HX;наличие уточняйте
;SCR-254HX;Мотопомпа бензиновая Daishin SCR-254 HX;наличие уточняйте
;SCR-50HXДУМ;Мотопомпа бензиновая Daishin SCR-50 HX (двигатель Honda GX120);наличие уточняйте
;SCR-50HX;Мотопомпа бензиновая Daishin SCR-50 HX (двигатель Honda GX160);наличие уточняйте
;SCR-80HX;Мотопомпа бензиновая Daishin SCR-80 HX;наличие уточняйте
;SST-50HX;Мотопомпа бензиновая Daishin SST-50 HX;наличие уточняйте
;SST-80HX;Мотопомпа бензиновая Daishin SST-80 HX;наличие уточняйте
;SWT-100HX;Мотопомпа бензиновая Daishin SWT-100 HX;наличие уточняйте
;SWT-50HX;Мотопомпа бензиновая Daishin SWT-50 HX;наличие уточняйте
;SWT-80HX;Мотопомпа бензиновая Daishin SWT-80 HX;наличие уточняйте
;PTD206T;Мотопомпа дизельная Daishin PTD 206 T;наличие уточняйте
;PTD306;Мотопомпа дизельная Daishin PTD 306;наличие уточняйте
;PTD306T;Мотопомпа дизельная Daishin PTD 306 T;наличие уточняйте
;PTD406;Мотопомпа дизельная Daishin PTD 406;наличие уточняйте
;PTD406T;Мотопомпа дизельная Daishin PTD 406 T;наличие уточняйте
;PTD206-Y;Мотопомпа дизельная Daishin PTD206-Y;наличие уточняйте
;PTD206ST-Y;Мотопомпа дизельная Daishin PTD206ST-Y;наличие уточняйте
;PTD206T-Y;Мотопомпа дизельная Daishin PTD206T-Y;наличие уточняйте
;PTD306-Y;Мотопомпа дизельная Daishin PTD306-Y;наличие уточняйте
;PTD306ST-Y;Мотопомпа дизельная Daishin PTD306ST-Y;наличие уточняйте
;PTD306T-Y;Мотопомпа дизельная Daishin PTD306T-Y;наличие уточняйте
;PTD406-Y;Мотопомпа дизельная Daishin PTD406-Y;наличие уточняйте
;PTD406ST-Y;Мотопомпа дизельная Daishin PTD406ST-Y;наличие уточняйте
;PTD406T-Y;Мотопомпа дизельная Daishin PTD406T-Y;наличие уточняйте
;SCR-100YD;Мотопомпа дизельная Daishin SCR-100 YD;наличие уточняйте
;SCR-50YD;Мотопомпа дизельная Daishin SCR-50 YD;наличие уточняйте
;SCR-80YD;Мотопомпа дизельная Daishin SCR-80 YD;наличие уточняйте
;SST-100YD;Мотопомпа дизельная Daishin SST-100 YD;наличие уточняйте
;SST-50YD;Мотопомпа дизельная Daishin SST-50 YD;наличие уточняйте
;SST-80YD;Мотопомпа дизельная Daishin SST-80 YD;наличие уточняйте
;SWT-100YD;Мотопомпа дизельная Daishin SWT-100 YD;наличие уточняйте
;SWT-50YD;Мотопомпа дизельная Daishin SWT-50 YD;наличие уточняйте
;SWT-80YD;Мотопомпа дизельная Daishin SWT-80 YD;наличие уточняйте
;Генераторы HND (КНР);;
;GE1100Ji;Генератор бензиновый инверторный HND GE 1100 J i;++
;GE2200Ji;Генератор бензиновый инверторный HND GE 2200 J   i;++
;GE2200PL;Генератор бензиновый HND GE 2200 PL;++
;GE3000PL;Генератор бензиновый HND GE 3000 PL;наличие уточняйте
;GE3000PN;Генератор бензиновый HND GE 3000 PN;++
;GE5500XL;Генератор бензиновый HND GE 5500 XL;наличие уточняйте
;GE5500XN;Генератор бензиновый HND GE 5500 XN;наличие уточняйте
;GE5500XNS;Генератор бензиновый HND GE 5500 XNS;++
;GE7000XNST;Генератор бензиновый HND GE 7000 XNST;++
;GE11000XLS;Генератор бензиновый HND GE 11000 XLS;наличие уточняйте
;GE11000XLST;Генератор бензиновый HND GE 11000 XLST;наличие уточняйте
;GE12000XLS;Генератор бензиновый HND GE 12000 XLS;+
;GE12000XLST;Генератор бензиновый HND GE 12000 XLST;+
;Мотопомпы HND (КНР);;наличие уточняйте
;WP10XC;Мотопомпа бензиновая HND WP 10 XC;+
;WP20PC;Мотопомпа бензиновая HND WP 20 PC;+
;WP20XC;Мотопомпа бензиновая HND WP 20 XC;++
;WP30PC;Мотопомпа бензиновая HND WP 30 PC;наличие уточняйте
;WP30XC;Мотопомпа бензиновая HND WP 30 XC;++
;WP40X2C;Мотопомпа бензиновая HND WP 40 X2C;+
;WP40X3C;Мотопомпа бензиновая HND WP 40 X3C;наличие уточняйте
;WP60XC;Мотопомпа бензиновая HND WP 60 XC;наличие уточняйте
;WP30XT;Мотопомпа бензиновая HND WP 30 XT;наличие уточняйте
;WP40XT;Мотопомпа бензиновая HND WP 40 XT;наличие уточняйте
;WP20XСH;Мотопомпа бензиновая HND WP 20 XСH;++
;++  - много;;
;+    - мало;;
;(поставка 2-3 дня) - наличие на дальнем складе, перемещение 2-3 дня после оплаты;;
;ОЖИДАЕТСЯ - нет в наличии, ждем поставку;;
;;;
;8.086.0077C;Аппарат (мойка) высокого давления электрический Lavor Galaxy 140;++
;8.086.0083C;Аппарат (мойка) высокого давления электрический Lavor Galaxy 140 в комплекте T-Racer;ожидается
;8.086.0075C;Аппарат (мойка) высокого давления электрический Lavor Galaxy 150;++
;8.086.0076C;Аппарат (мойка) высокого давления электрический Lavor Galaxy 160;++
;8.108.0001C;Аппарат (мойка) высокого давления электрический Lavor Ikon 140;++
;8.108.0006C;Аппарат (мойка) высокого давления электрический Lavor Ikon 160;++
;8.108.0021C;Аппарат (мойка) высокого давления электрический Lavor Ikon 200 EXTREME НОВИНКА;++
;8.103.0001C;Аппарат (мойка) высокого давления электрический Lavor One 120;++
;8.103.0008C;Аппарат (мойка) высокого давления электрический Lavor One Extra 135;++
;8.103.0005C;Аппарат (мойка) высокого давления электрический Lavor One Plus 130;++
;8.101.0024C;Аппарат (мойка) высокого давления электрический Lavor PREDATOR 180 DIGIT;++
;8.047.0001C;Аппарат (мойка) высокого давления электрический Lavor Vertigo 22;++
;8.047.0068C;Аппарат (мойка) высокого давления электрический Lavor Vertigo 28 Pro (Шланг 10 м., Проф. акс-ры);++
;8.601.0148C;Аппарат (мойка) высокого давления бензиновый Lavor Independent 2800;++
;8.101.0017C;Аппарат (мойка) высокого давления электрический Lavor PREDATOR 160 WPS;ожидается
;8.047.0003C;Аппарат (мойка) высокого давления электрический Lavor Vertigo 28;++
;8.601.0202C;Аппарат (мойка) высокого давления бензиновый Lavor LANDER 3000;ожидается
;ПЫЛЕВОДОСОСЫ, КОВРОВЫЕ ЭКСТРАКТОРЫ И ПАРОГЕНЕРАТОРЫ LAVOR;;
;8.243.0003;Пылеводосос бытовой электрический Lavor FREDDY 4 in1 ;++
;8.243.0002;Пылеводосос бытовой электрический Lavor VAC 20 S ;ожидается
;8.228.0082;Пылеводосос бытовой электрический Lavor CF 30EM;ожидается
;8.227.0005;Пылеводосос электрический Lavor SWIMMY (универсальный + пылеводосос для бассейнов);+
;8.253.0010;Пылеводосос бытовой электрический Lavor WT 20 P (Бак из пластика);ожидается
;8.253.0011;Пылеводосос бытовой электрический Lavor WT 20 X (Бак из нержавейки);++
;8.253.0013;Пылеводосос бытовой электрический Lavor WT 30 XE (с розеткой для эл.инструмента);++
;8.204.0059;Пылесос моющий электрический Lavor GBP 20;ожидается
;8.404.0051;Парогенератор электрический Lavor Pro GV KONE;ожидается
;8.404.0044;Парогенератор электрический Lavor SKYVAP MAX;++
;8.254.0007;Пылесос электрический для золы Lavor ASHLEY 111;++
;8.254.0008;Пылесос электрический для золы Lavor ASHLEY 411 (1000 Вт);ожидается
;8.204.0073;Пылесос моющий электрический Lavor GBP 20 New;ожидается
;;;
;1T90QW130;Двигатель бензиновый Zongshen NH 130;ожидается
;1T90QJ150;Двигатель бензиновый Zongshen NH 150 H;++
;1T90QS210;Двигатель бензиновый Zongshen SN 210 Snow;+
;1T90QS391;Двигатель бензиновый Zongshen SN 390 E Snow;ожидается
;1T90QS421;Двигатель бензиновый Zongshen SN 420 E Snow;++
;1T90QC140;Двигатель бензиновый Zongshen XP 140 A;++
;1T90QWX21;Двигатель бензиновый Zongshen XP 200;++
;1T90QC203;Двигатель бензиновый Zongshen XP 200 A (D 22,2 мм, L 62 мм);++
;1T90QC200;Двигатель бензиновый Zongshen XP 200 A (D 22,2 мм, L 80 мм);++
;1T90QC202;Двигатель бензиновый Zongshen XP 200 A (D 25 мм, L 60 мм);ожидается
;1T90QC201;Двигатель бензиновый Zongshen XP 200 A (D 25 мм, L 80 мм);++
;1T90QQXP2;Двигатель бензиновый Zongshen XP 200 E;ожидается
;1T90QW255;Двигатель бензиновый Zongshen XP 225 A;++
;1T90QW256;Двигатель бензиновый Zongshen XP 225 AE;++
;1T90QQP90;Двигатель бензиновый Zongshen XP 420 FE;ожидается
;1T90QC440;Двигатель бензиновый Zongshen XP 440 E-3;ожидается
;1T90QQXP6;Двигатель бензиновый Zongshen XP 620 FE;++
;1T90QC2W3;Двигатель бензиновый Zongshen XP 680 FE;++
;1T90QC750;Двигатель бензиновый Zongshen XP 750 EFI;ожидается
;1T90QC101;Двигатель бензиновый Zongshen XP 1000 (Т-тип) 28,575 мм;ожидается
;1T90Q168F;Двигатель бензиновый Zongshen ZS 168 FB-2 (для генераторов);ожидается
;1T90QQ164;Двигатель бензиновый Zongshen ZS 168 FB-4;+
;1T90QW681;Двигатель бензиновый Zongshen ZS 168 FB-6;++
;1T90QW682;Двигатель бензиновый Zongshen ZS 168 FBE ;ожидается
;1T90QQ6E4;Двигатель бензиновый Zongshen ZS 168 FBE-4;ожидается
;1T90QW774;Двигатель бензиновый Zongshen ZS 177 F (Q-тип);++
;1T90QS771;Двигатель бензиновый Zongshen ZS 177 F (для мотопомп);++
;1T90QW771;Двигатель бензиновый Zongshen ZS 177 FA2;ожидается
;1T90QW772;Двигатель бензиновый Zongshen ZS 177 FE;ожидается
;1T90QW773;Двигатель бензиновый Zongshen ZS 177-5;ожидается
;1T90QW881;Двигатель бензиновый Zongshen ZS 188 FA2;++
;1T90QQ18T;Двигатель бензиновый Zongshen ZS 188 FV (для генераторов);ожидается
;1T90QHG31;Двигатель бензиновый Zongshen ZS 188FP;ожидается
;1T90QD801;Двигатель бензиновый Zongshen ZS 188 FV (для генераторов);ожидается
;1T90Q190F;Двигатель бензиновый Zongshen ZS 190 F-2 (для генераторов);++
;1T90QW901;Двигатель бензиновый Zongshen ZS 190 FA2;ожидается
;1T90QW902;Двигатель бензиновый Zongshen ZS 190 FE;++
;1T90QW19B;Двигатель бензиновый Zongshen ZS 190 FE (без бака/итлан-каюр);ожидается
;1T90QW192;Двигатель бензиновый Zongshen ZS 190 FV (для генераторов);++
;1T90QF901;Двигатель бензиновый Zongshen ZS 190FE-2;++
;1T90QW160;Двигатель бензиновый Zongshen GB 160 (S-тип);++
;1T90QW200;Двигатель бензиновый Zongshen ZS GB 200 (Q-тип);++
;1T90QW201;Двигатель бензиновый Zongshen ZS GB 200 (S-тип);++
;1T90QS200;Двигатель бензиновый Zongshen ZS GB 200 (для мотопомп);++
;1T90QW251;Двигатель бензиновый Zongshen ZS GB 225 (Q-тип);ожидается
;1T90QW252;Двигатель бензиновый Zongshen ZS GB 225 (S-тип);++
;1T90QW253;Двигатель бензиновый Zongshen ZS GB 225-4;++
;1T90QW254;Двигатель бензиновый Zongshen ZS GB 225-6;++
;1T90QW270;Двигатель бензиновый Zongshen ZS GB 270;ожидается
;1T90QG275;Двигатель бензиновый Zongshen GB 270 C (Q-тип);++
;1T90QW271;Двигатель бензиновый Zongshen ZS GB 270 В;ожидается
;1T90QG272;Двигатель бензиновый Zongshen GB 270 ВE;++
;1T90QS424;Двигатель бензиновый Zongshen GB 420 25 мм;++
;1T90QW420;Двигатель бензиновый Zongshen GB 420 25,4 мм;ожидается
;1T90QS422;Двигатель бензиновый Zongshen GB 420E 25 мм;++
;1T90QW422;Двигатель бензиновый Zongshen GB 420 E 25,4 мм;++
;1T90QW423;Двигатель бензиновый Zongshen GB 420E-7;++
;1T90QW460;Двигатель бензиновый Zongshen ZS GB 460;++
;1T90QW461;Двигатель бензиновый Zongshen ZS GB 460 E;++
;1T90QX620;Двигатель бензиновый Zongshen ZS GB 620E;ожидается
;1T90QF680;Двигатель бензиновый Zongshen ZS GB 680 VE;ожидается
;1T90QA75E;Двигатель бензиновый Zongshen ZS GB 750 EFI 25.4 мм;ожидается
;1T90QA76E;Двигатель бензиновый Zongshen ZS GB 750 EFI 28.575 мм;ожидается
;1T90QA77E;Двигатель бензиновый Zongshen ZS GB 750 EFI 36.5 мм;ожидается
;1T90QA100;Двигатель бензиновый Zongshen ZS GB1000 (B-тип) 36,5 мм;++
;1T90QA101;Двигатель бензиновый Zongshen ZS GB1000 (Т-тип) 28,575 мм;ожидается
;1T90QJ682;Двигатель бензиновый Zongshen ZS GB680E;++
;1T90QA750;Двигатель бензиновый Zongshen ZS GB750E;ожидается
;1T90QGS35;Двигатель бензиновый Zongshen ZS S 35 ;ожидается
;1T90QGS40;Двигатель бензиновый Zongshen ZS S 40;+
;1T90Q750B;Двигатель бензиновый Zongshen GB 750 BE;ожидается
;1T90Q75BE;Двигатель бензиновый Zongshen GB 750B EFI 28.575 мм;ожидается
;1T90QW163;Двигатель бензиновый Zongshen GB 160 20 мм НОВИНКА!!!;ожидается
;1T90QW274;Двигатель бензиновый Zongshen GB 270 C 25 мм НОВИНКА!!!;ожидается
;1T90QW463;Двигатель бензиновый Zongshen GB 460 25,4 мм НОВИНКА!!!;++
;1T90QW464;Двигатель бензиновый Zongshen GB 460 E 25,4 мм НОВИНКА!!!;++
;1T90QW46V;Двигатель бензиновый Zongshen GB 460V E НОВИНКА!!!;ожидается
;1T90QW4EI;Двигатель бензиновый Zongshen GB 460V EI НОВИНКА!!!;ожидается
;Двигатели B&S (США);;
;;;ожидается
;13R2320060H5BD0048;Двигатель бензиновый Briggs & Stratton 6.5 CR950  (D=20 / L=50);++
;130G320014H5BD0048;Двигатель бензиновый Briggs & Stratton XR950;ожидается
;25T2360338F1;Двигатель бензиновый Briggs & Stratton XR2100;ожидается
;25T2370294F1AY7024;Двигатель бензиновый Briggs & Stratton XR2100E;ожидается
;104M020045H5YY0001;Двигатель бензиновый Briggs & Stratton 675 EXi (D=22.2 / L=62);ожидается
;104M020046H5YY0001;Двигатель бензиновый Briggs & Stratton 675 EXi (D=22.2 / L=80);ожидается
;104M020118H5YY0001;Двигатель бензиновый Briggs & Stratton 675 EXi (D=25.0 / L=52,2);++
;104M020066H5YY0001;Двигатель бензиновый Briggs & Stratton 675 EXi (D=25.0 / L=80);ожидается
;3564470668B5U0001;Двигатель бензиновый Briggs & Stratton Vanguard 18HP (570, D=25.4 мм L= 73.8, ручной+электро, 16А);ожидается
;3864470114B5HH1001;Двигатель бензиновый Briggs & Stratton Vanguard 23 HP (627, D=25.4 мм L= 73.8);ожидается
;5414771125J1;Двигатель бензиновый Briggs & Stratton Vanguard 27 HP (896, D=28.575 мм L= 101.6 мм);ожидается
;61E3770062J1EB0001;Двигатель бензиновый Briggs & Stratton Vanguard EFI 37 HP (993, D=28.575 мм L= 101.6 мм);ожидается
;13U232000101;Двигатель бензиновый Briggs & Stratton 6.5 RS 950;ожидается
;3564420369B5;Двигатель бензиновый Briggs & Stratton Vanguard 18HP (570, D=25.4 мм L=73.8 мм, без альтернатора);ожидается
;3564420370F1;Двигатель бензиновый Briggs & Stratton Vanguard 18HP (570, D=25.4 мм L=73.8 мм, топ. бак, без Е-ст.);ожидается
;3854470112B5;Двигатель бензиновый Briggs & Stratton Vanguard 21 HP (627, D=25.4 мм L= 73.8);ожидается
;3864470451B5CE0001;Двигатель бензиновый Briggs & Stratton Vanguard 23 HP (627, D=25.4 мм L= 73.8);++
;5434770018J1;Двигатель бензиновый Briggs & Stratton Vanguard 31 HP (896, D=28.575 мм L= 101.6 мм, циклон);ожидается
;6134774213J1;Двигатель бензиновый Briggs & Stratton Vanguard EFI (993, D=28.575 мм L= 101.6 мм, 4200 об/мин);ожидается
;6134774208J1EB0001;Двигатель бензиновый Briggs & Stratton Vanguard 35 HP (993, D=36.5 мм L= 114.3 мм);ожидается
;61E3770062J1;Vanguard EFI;ожидается
;61E3770057J1EB7001;Двигатель бензиновый Briggs & Stratton Vanguard EFI 37 (993, D=36.5 мм L= 114.3 мм);ожидается
;6134770039J1AD0001;Двигатель бензиновый Briggs & Stratton Vanguard 35 HP Marine (993, D=28.575 мм L= 114.3 мм);ожидается
;61E4770015J1EB0001;Двигатель бензиновый Briggs & Stratton Vanguard EFI 37 HP Marine (993, D=28.575 мм L= 101.6 мм);ожидается
;61G4770006J1EB0001;Двигатель бензиновый Briggs & Stratton Vanguard EFI 40 HP Marine;++
;;;
;UMK435TUERT;Триммер (мотокоса) бензиновый Honda UMK 435 T UERT;-
;UMK450EUEET;Триммер (мотокоса) бензиновый Honda UMK 450 E UEET;-
;UMK450EXEET;Триммер (мотокоса) бензиновый Honda UMK 450 E XEET;-
;HRG416C1PKEH;Газонокосилка бензиновая (бензокосилка) Honda HRG 416 PKEH;-
;HRG416C1SKEH;Газонокосилка бензиновая (бензокосилка) Honda HRG 416 SKEH;-
;HRG466C1PKEH;Газонокосилка бензиновая (бензокосилка) Honda HRG 466 PKEH;++
;HRG466C1SKEH;Газонокосилка бензиновая (бензокосилка) Honda HRG 466 SKEH;-
;HRG466C1SKEP;Газонокосилка бензиновая (бензокосилка) Honda HRG 466 SKEP;-
;HRG536C8VKEH;Газонокосилка бензиновая (бензокосилка) Honda HRG 536 VKEH;-
;HRX426CPDEH;Газонокосилка бензиновая (бензокосилка) Honda HRX 426 PDEA;-
;HRX426CSDEH;Газонокосилка бензиновая (бензокосилка) Honda HRX 426 C SDEA;-
;HRX476C2VKEH;Газонокосилка бензиновая (бензокосилка) Honda HRX 476 VKE;-
;HRX537C5VKE;Газонокосилка бензиновая (бензокосилка) Honda HRX 537 VKE;-
;HRX537C5HYE;Газонокосилка бензиновая (бензокосилка) Honda HRX 537 HYE;-
;HF2317HME;Газонокосилка с сиденьем (минитрактор) Honda HF 2317 HME;-
;HF2417K5HME;Газонокосилка с сиденьем (минитрактор) Honda HF 2417 HME;-
;FG201K1DET;Мотокультиватор бензиновый Honda FG 201 K1 DET;-
;FG205K1DET;Мотокультиватор бензиновый Honda FG 205 K1 DET;-
;F220K1DET2;Мотокультиватор бензиновый Honda F 220 K1 DET2;++
;FF300K1DET2;Мотокультиватор бензиновый Honda FF 300 K1 DET;-
;FJ500DER2;Мотокультиватор бензиновый Honda FJ 500 DER;++
;HHT36AXBEUE;Триммер аккумуляторный Honda HHT 36 AXB;-
;HRG416XBPEEA;Газонокосилка аккумуляторная Honda HRG 416 XB (без АКБ и ЗУ);+
;HRG466XBSEEA;Газонокосилка аккумуляторная Honda HRG 466 XB (без АКБ и ЗУ);-
;HHH36AXBE60R;Ножницы для кустов аккумуляторные Honda HHH 36 AXB;-
;HHB36AXBE86;Воздуходув аккумуляторный Honda HHB 36 AXB;-
;CV3680XAEM;Зарядное устройство Honda;++
;DP3640XAE;Аккумулятор Honda (4 Ач);+
;DP3660XAE;Аккумулятор Honda (6 Ач);+
;DPW3690XAE;Аккумулятор Honda (9 Ач);-
;Садовая техника EFCO;;
;;;ожидается
;51039012;Пила электрическая (электропила) EFCO MT 2000 E;++
;50339011E1;Пила бензиновая (бензопила) EFCO MTH 400;++
;50319012E1A;Пила бензиновая (бензопила) EFCO MTH 510;++
;50329013E1A;Пила бензиновая (бензопила) EFCO MTH 560;++
;50189103E1;Пила бензиновая (бензопила) EFCO MT 371;ожидается
;50189104E1;Пила бензиновая (бензопила) EFCO MT 371;ожидается
;50189153E2;Пила бензиновая (бензопила) EFCO MT 3710 (35 см);++
;50189154E2;Пила бензиновая (бензопила) EFCO MT 3710 (41 см);++
;50179202E1;Пила бензиновая (бензопила) EFCO MT 411;ожидается
;50179252E2;Пила бензиновая (бензопила) EFCO MT 4110;++
;50239114E1;Пила бензиновая (бензопила) EFCO MT 451;ожидается
;50239113E1;Пила бензиновая (бензопила) EFCO MT 451;ожидается
;50239154E2;Пила бензиновая (бензопила) EFCO MT 4510 (41 см);++
;50239153E2;Пила бензиновая (бензопила) EFCO MT 4510 (46 см);++
;61459062E2B;Триммер (мотокоса) бензиновый EFCO DSH 4000 BP ;ожидается
;50359002E5;Пила бензиновая (бензопила) EFCO MTTH 2400 НОВИНКА!!!;++
;50089024E2A;Пила бензиновая (бензопила) EFCO MT 5200;++
;50029130E5;Пила бензиновая (бензопила) EFCO MT 6300;++
;50259002E1;Пила бензиновая (бензопила) EFCO MT 6500;++
;61549002E5;Высоторез бензиновый EFCO PTH 2500-10;++
;61229030E2;Высоторез бензиновый EFCO EF PTX 2710;++
;60049012A;Триммер (мотокоса) электрический EFCO 8061 E;++
;60059014;Триммер (мотокоса) электрический EFCO 8091 E;ожидается
;60049013A;Триммер (мотокоса) электрический EFCO 8092 E;++
;60059012;Триммер (мотокоса) электрический EFCO 8110 E;++
;61469011E1;Триммер (мотокоса) бензиновый EFCO DSH 250 T;++
;61459022E1A;Триммер (мотокоса) бензиновый EFCO DSH 400 T;++
;61459011E1B;Триммер (мотокоса) бензиновый EFCO DSH 400 T ES;ожидается
;61459062E2A;Триммер (мотокоса) бензиновый EFCO DSH 4000 BP;ожидается
;61519061E1;Триммер (мотокоса) бензиновый EFCO DSH 500 T;++
;61039110E1;Триммер (мотокоса) бензиновый EFCO STARK 25;++
;61339072E2;Триммер (мотокоса) бензиновый EFCO STARK 3810 T;++
;61339057E2;Триммер (мотокоса) бензиновый EFCO STARK 4410 BP BACK PACK;++
;61339055E2;Триммер (мотокоса) бензиновый EFCO STARK 4410 T;++
;61119003E1C;Триммер (мотокоса) бензиновый EFCO 8550 BOSS;++
;66059003P;Газонокосилка электрическая (электрокосилка) EFCO PR 35 SE;++
;66089101P;Газонокосилка электрическая (электрокосилка) EFCO PR 40 SE;++
;66129050S;Газонокосилка электрическая (электрокосилка) EFCO LR 44 PE COMFORT PLUS;++
;66139050S;Газонокосилка электрическая (электрокосилка) EFCO LR 48 PE COMFORT PLUS;++
;66109053E5;Газонокосилка бензиновая (бензокосилка) EFCO LR 44 PK COMFORT PLUS;++
;66109062E5A;Газонокосилка бензиновая (бензокосилка) EFCO LR 44 TK COMFORT PLUS;++
;66119060E5;Газонокосилка бензиновая (бензокосилка) EFCO LR 48 PK COMFORT PLUS;++
;66119211E5;Газонокосилка бензиновая (бензокосилка) EFCO LR 48 TK COMFORT PLUS;++
;66079132E5;Газонокосилка бензиновая (бензокосилка) EFCO LR 53 TK COMFORT PLUS;++
;66119181E5;Газонокосилка бензиновая (бензокосилка) EFCO LR 48 TK ALLROAD PLUS 4;++
;66119187E5;Газонокосилка бензиновая (бензокосилка) EFCO LR 48 TBR ALLROAD PLUS 4;+
;66079071E5;Газонокосилка бензиновая (бензокосилка) EFCO LR 53 TK ALLROAD PLUS 4;++
;66079128E5;Газонокосилка бензиновая (бензокосилка) EFCO LR 53 VK ALLROAD PLUS 4;++
;66079163E5;Газонокосилка бензиновая (бензокосилка) EFCO LR 53 TKE ALLROAD PLUS 4;++
;66079100E5;Газонокосилка бензиновая (бензокосилка) EFCO LR 53 TBX ALLROAD PLUS 4;++
;66079134E5;Газонокосилка бензиновая (бензокосилка) EFCO LR 53 TBXE ALLROAD PLUS 4;++
;66069100E5;Газонокосилка бензиновая (бензокосилка) EFCO AR 53 THX ALLROAD ALUMINIUM;++
;66079070E5;Газонокосилка бензиновая (бензокосилка) EFCO LR 53 THX ALLROAD PLUS 4;++
;66069103E5;Газонокосилка бензиновая (бензокосилка) EFCO AR 53 VBD ALLROAD ALUMINIUM;++
;68149002E5;Газонокосилка с сиденьем (минитрактор) EFCO ZEPHYR 72/13 H 4 IN 1;++
;68059055B;Садовый трактор (минитрактор) EFCO EF 84/14,5 K;ожидается
;56609002E5S1;Воздуходув бензиновый EFCO SA 2500 VAC (c комплектом для всасывания);++
;56609002E5;Воздуходув бензиновый EFCO SA 2500;ожидается
;56602004A;Комплект для переоборудования воздуходува EFCO BV 250 / SA 2500;++
;56602004;Комлект для переоборудования воздуходува EFCO SA 2500 KIT;ожидается
;56599105E5A;Воздуходув бензиновый EFCO SA 9010;ожидается
;56529007E5;Воздуходув бензиновый EFCO SA 2063 НОВИНКА!!!;++
;58089001;Кусторез (электроножницы для живой изгороди) электрический EFCO TG 605 E;++
;58029051;Кусторез (электроножницы для живой изгороди) электрический EFCO TG 750 E;++
;61379060E2;Кусторез (бензоножницы для живой изгороди) бензиновый EFCO DS 2410 H;ожидается
;58099011E2;Кусторез (бензоножницы для живой изгороди) бензиновый EFCO TG 2460 P;++
;58099021E2;Кусторез (бензоножницы для живой изгороди) бензиновый EFCO TG 2470 P;++
;61379062E2;Кусторез (бензоножницы для живой изгороди) бензиновый EFCO DS 2410 HL;++
;1800792;Скарификатор бензиновый Efco SCA 38 R;ожидается
;68212000;Травосборник к аэротору SCA 38 R;ожидается
;68729116E5;Транспортер бензиновый EFCO TN 4500;ожидается
;375281012E5;Бензобур EFCO TR 1551;ожидается
;375100028A;Шнек 8х100 см к мотобуру TR 1551;ожидается
;375100029A;Шнек 10х100 см  к мотобуру TR 1551;ожидается
;375100030A;Шнек 15х100 см  к мотобуру TR 1551;ожидается
;375100031A;Шнек 20х100 см  к мотобуру TR 1551;ожидается
;375100115;Удлинитель шнека;++
;365280031E1C;Опрыскиватель (распылитель) бензиновый EFCO AT 800;++
;56069002E1;Опрыскиватель (распылитель) бензиновый EFCO AT 900;ожидается
;56069104E5;Опрыскиватель (распылитель) бензиновый EFCO AT 9000;++
;68059214;Газонокосилка с сиденьем (минитрактор) EFCO 86R/12,5 K M НОВИНКА!!!;++
;68059215;Газонокосилка с сиденьем (минитрактор) EFCO 86R/14,5 K НОВИНКА!!!;ожидается
;68059216;Газонокосилка с сиденьем (минитрактор) EFCO 92R/16 K НОВИНКА!!!;++
;68059217;Газонокосилка с сиденьем (минитрактор) EFCO 102R/16 K НОВИНКА!!!;++
;;;
;Садовая техника EVOline;;
;2TPS10EVO;Масло моторное EVOline для 2-тактных двигателей полусинтетическое API TC;++
;4TPS10EVO;Масло моторное EVOline для 4-тактных двигателей полусинтетическое SAE 10W-40 API  SJ/CF;++
;CH10EVO;Масло смазочное EVOline для цепи;++
;BLB800(36V);Воздуходув аккумуляторный EVOline BLB 800 (36V);+
;BLG31VAC (4T);Воздуходув бензиновый EVOline BLG 31 4T VAC с фунцкия всасываня;++
;BLE2600VAC;Воздуходув электрический EVOline BLE 2600 VAC с фунцкцией всасывания;++
;LMB40(36V);Газонокосилка аккумуляторная EVOline LMB 40 (36V);ожидается
;LMG42CP;Газонокосилка бензиновая (бензокосилка) EVOline LMG 42 CP;++
;LMG42CS;Газонокосилка бензиновая (бензокосилка) EVOline LMG 42 CS;++
;LMG46CP;Газонокосилка бензиновая (бензокосилка) EVOline LMG 46 CP;++
;LMG46CS;Газонокосилка бензиновая (бензокосилка) EVOline LMG 46 CS;++
;LMG48CV;Газонокосилка бензиновая (бензокосилка) EVOline LMG 48 CV;++
;LMG48CVH;Газонокосилка бензиновая (бензокосилка) EVOline LMG 48 CVH;++
;LMG51CS;Газонокосилка бензиновая (бензокосилка) EVOline LMG 51 CS;++
;LMG51P;Газонокосилка бензиновая (бензокосилка) EVOline LMG 51 P;++
;LMG53CV;Газонокосилка бензиновая (бензокосилка) EVOline LMG 53 CV;++
;LMG53CVE;Газонокосилка бензиновая (бензокосилка) EVOline LMG 53 CVE;ожидается
;LMG53CVH;Газонокосилка бензиновая (бензокосилка) EVOline LMG 53 CVH;++
;TRG63CM;Газонокосилка с сиденьем бензиновая TRG 63 CM;ожидается
;LME32;Газонокосилка электрическая (электрокосилка) EVOline LME 32;++
;LME38;Газонокосилка электрическая (электрокосилка) EVOline LME 38;++
;LME42;Газонокосилка электрическая (электрокосилка) EVOline LME 42;++
;BSE2500;Измельчитель электрический EVOline BSE 2500;++
;BSE2800;Измельчитель электрический EVOline BSE 2800;ожидается
;BSE2800C;Измельчитель электрический EVOline BSE 2800 C;++
;HTG23-60;Кусторез (бензоножницы для живой изгороди) бензиновый EVOline HTG 23-60;++
;GSB7.2V;Ножницы для травы аккумуляторные EVOline GSB 7.2V;++
;CSB700-16(36V);Пила аккумуляторная EVOline CSB 700-16 (36V);ожидается
;CSG25-12ES;Пила бензиновая (бензопила) EVOline CSG 25-12 ES;++
;CSG40-14ES;Пила бензиновая (бензопила) EVOline CSG 40-14 ES;++
;CSG40-16ES;Пила бензиновая (бензопила) EVOline CSG 40-16 ES;++
;CSG46-16ES;Пила бензиновая (бензопила) EVOline CSG 46-16 ES;++
;CSG46-18ES;Пила бензиновая (бензопила) EVOline CSG 46-18 ES;++
;CSG50-18ES;Пила бензиновая (бензопила) EVOline CSG 50-18 ES;++
;CSG55-18ES;Пила бензиновая (бензопила) EVOline CSG 55-18 ES;++
;CSG58-18ES;Пила бензиновая (бензопила) EVOline CSG 58-18 ES;++
;CSE1400-14;Пила электрическая (электропила) EVOLine CSE 1400-14;++
;CSE2000-16;Пила электрическая (электропила) EVOLine CSE 2000-16;++
;CSE2400-18;Пила электрическая (электропила) EVOLine CSE 2400-18;++
;SWG620-160;Подметальная машина бензиновая EVOline SWG 620-160;++
;SWG620-200;Подметальная машина бензиновая EVOline SWG 620-200;++
;SWG800;Подметальная машина бензиновая EVOline SWG 800;++
;SWG800B;Подметальная машина бензиновая EVOline SWG 800 B;++
;SWG1000;Подметальная машина бензиновая EVOline SWG 1000;++
;SWG1000B;Подметальная машина бензиновая EVOline SWG 1000 B;++
;SWG1000H;Подметальная машина бензиновая EVOline SWG 1000 H НОВИНКА!!!;++
;TH;Ручка телескопическая для ножниц EVOLine GSB 7.2V;++
;TRG84CH;Садовый трактор (минитрактор) EVOline TRG 84 CH;++
;TRG84CM;Садовый трактор (минитрактор) EVOline TRG 84 CM;++
;TRG84H;Садовый трактор (минитрактор) EVOline TRG 84 H;++
;TRG84M;Садовый трактор (минитрактор) EVOline TRG 84 M;++
;TRG96H;Садовый трактор (минитрактор) EVOline TRG 96 H;++
;TRG96CH;Садовый трактор (минитрактор) EVOline TRG 96 CH;ожидается
;SCE38;Скарификатор (аэратор) электрический EVOline SCE 38;++
;SCG40CP;Скарификатор бензиновый EVOline SCG 40 CP;ожидается
;SCG40CPH;Скарификатор бензиновый EVOline SCG 40 CPH;ожидается
;SBG460;Снегоуборщик (снегоотбрасыватель) бензиновый EVOline SBG 460;ожидается
;SBG560;Снегоуборщик (снегоотбрасыватель) бензиновый EVOline SBG 560;+
;SBG560BE;Снегоуборщик (снегоотбрасыватель) бензиновый EVOline SBG 560 BE;ожидается
;SBG560E;Снегоуборщик (снегоотбрасыватель) бензиновый EVOline SBG 560 E;++
;SBG610BE;Снегоуборщик (снегоотбрасыватель) бензиновый EVOline SBG 610 BE;++
;SBG620E;Снегоуборщик (снегоотбрасыватель) бензиновый EVOline SBG 620 E;++
;SBG660E;Снегоуборщик (снегоотбрасыватель) бензиновый EVOline SBG 660 E;++
;SBG660TE;Снегоуборщик (снегоотбрасыватель) бензиновый EVOline SBG 660 TE;++
;SBG690BE;Снегоуборщик (снегоотбрасыватель) бензиновый EVOline SBG 690 BE;++
;SBG690TBE;Снегоуборщик (снегоотбрасыватель) бензиновый EVOline SBG 690 TBE;++
;SBG700E;Снегоуборщик (снегоотбрасыватель) бензиновый EVOline SBG 700 E;++
;SBG700TE;Снегоуборщик (снегоотбрасыватель) бензиновый EVOline SBG 700 TE;ожидается
;SBG760BE;Снегоуборщик (снегоотбрасыватель) бензиновый EVOline SBG 760 BE;++
;SBG760E;Снегоуборщик (снегоотбрасыватель) бензиновый EVOline SBG 760 E;++
;SBG760TBE;Снегоуборщик (снегоотбрасыватель) бензиновый EVOline SBG 760 TBE;++
;SBG760TE;Снегоуборщик (снегоотбрасыватель) бензиновый EVOline SBG 760 TE;++
;SBE330;Снегоуборщик (снегоотбрасыватель) электрический EVOline SBE 330;ожидается
;SBE460L;Снегоуборщик (снегоотбрасыватель) электрический EVOline SBE 460 L;++
;SBG610HE;Снегоуборщик (снегоотбрасыватель) бензиновый EVOline SBG 610 HE НОВИНКА!!!;++
;SBG690HE;Снегоуборщик (снегоотбрасыватель) бензиновый EVOline SBG 690 HE НОВИНКА!!!;++
;SBG760HE;Снегоуборщик (снегоотбрасыватель) бензиновый EVOline SBG 760 HE НОВИНКА!!!;++
;SBG690THE;Снегоуборщик (снегоотбрасыватель) бензиновый EVOline SBG 690 THE НОВИНКА!!!;++
;SBG760THE;Снегоуборщик (снегоотбрасыватель) бензиновый EVOline SBG 760 THE НОВИНКА!!!;ожидается
;SBG760THEHYDRO;Снегоуборщик (снегоотбрасыватель) бензиновый EVOline SBG 760 THE HYDRO НОВИНКА!!!;ожидается
;BCG25ES;Триммер (мотокоса) бензиновый EVOline BCG 25 ES;++
;BCG33ES;Триммер (мотокоса) бензиновый EVOline BCG 33 ES;++
;BCG36(4T);Триммер (мотокоса) бензиновый EVOline BCG 36 (4T);++
;BCG43ES;Триммер (мотокоса) бензиновый EVOline BCG 43 ES;++
;BCG52ESAV;Триммер (мотокоса) бензиновый EVOline BCG 52 ES AV;++
;BCE1000;Триммер (мотокоса) электрический EVOline BCE 1000;++
;BCE1200T;Триммер (мотокоса) электрический EVOline BCE 1200T;++
;BCE550;Триммер (мотокоса) электрический EVOline BCE 550;++
;СНЕГОУБОРЩИКИ;;
;HSS655K1EW;Снегоуборщик (снегоотбрасыватель) бензиновый Honda HSS 655 EW;-
;HSS655K1ET;Снегоуборщик (снегоотбрасыватель) бензиновый Honda HSS 655 ET;-
;HSS655K1ETD;Снегоуборщик (снегоотбрасыватель) бензиновый Honda HSS 655 ETD;-
;HSS760AETD;Снегоуборщик (снегоотбрасыватель) бензиновый Honda HSS 760 A ETD;-
;HSS970AETD;Снегоуборщик (снегоотбрасыватель) бензиновый Honda HSS 970 A ETD;-
;HSM1380IK1ETD;Снегоуборщик (снегоотбрасыватель) гибридный Honda HSM 1380 IE;-
;HSM1390IK2ETDR;Снегоуборщик (снегоотбрасыватель) гибридный Honda HSM 1390 I2ETDR;-
;113096;Снегоуборщик (снегоотбрасыватель) бензиновый AL-KO SnowLine 55 E;-
;112933;Снегоуборщик (снегоотбрасыватель) бензиновый AL-KO SnowLine 560 II;-
;112935;Снегоуборщик (снегоотбрасыватель) бензиновый AL-KO SnowLine 620 E II;-
;112931;Снегоуборщик (снегоотбрасыватель) бензиновый AL-KO SnowLine 700 E;-
;112930;Снегоуборщик (снегоотбрасыватель) бензиновый AL-KO SnowLine 760 TE;-
;112932;Снегоуборщик (снегоотбрасыватель) электрический AL-KO SnowLine 46 E;-
;212937;Снегоуборщик (снегоотбрасыватель) бензиновый GEOS Comfort SnowLine 620 B ll;++
;212933;Снегоуборщик (снегоотбрасыватель) бензиновый GEOS SnowLine 560 ll;++
;212935;Снегоуборщик (снегоотбрасыватель) бензиновый GEOS SnowLine 620 E ll;-
;212931;Снегоуборщик (снегоотбрасыватель) бензиновый GEOS SnowLine 700 E;++
;212932;Снегоуборщик (снегоотбрасыватель) электрический GEOS SnowLine 46 E;++
;ST1170E;Снегоуборщик (снегоотбрасыватель) бензиновый Champion ST 1170 E ;-
;ST1376E;Снегоуборщик (снегоотбрасыватель) бензиновый Champion ST 1376 E ;-
;ST556;Снегоуборщик (снегоотбрасыватель) бензиновый Champion ST 556 ;-
;STT1170E;Снегоуборщик (снегоотбрасыватель) бензиновый Champion STT 1170 E ;-
;9619100-87;Снегоуборщик (снегоотбрасыватель) бензиновый Husqvarna ST 224;-
;9619100-88;Снегоуборщик (снегоотбрасыватель) бензиновый Husqvarna ST 227 P;-
;9619100-90;Снегоуборщик (снегоотбрасыватель) бензиновый Husqvarna ST 230 P;-
;9619301-33;Снегоуборщик (снегоотбрасыватель) бензиновый Husqvarna ST 427T;-
;18-2841-31;Снегоуборщик (снегоотбрасыватель) бензиновый Stiga ST 4262 P;-
;2S2624511/ST1;Снегоуборщик (снегоотбрасыватель) бензиновый Stiga ST 5262 P;-
;2S2664611/ST1;Снегоуборщик (снегоотбрасыватель) бензиновый Stiga ST 5266 P;-
;2S2666611/ST1;Снегоуборщик (снегоотбрасыватель) бензиновый Stiga ST 5266 P TRAC;-
;2S2767711/ST1;Снегоуборщик (снегоотбрасыватель) бензиновый Stiga ST 7276 PH;-
;18-2860-33;Снегоуборщик (снегоотбрасыватель) электрический Stiga ST 1151 E;-
;Садовая техника HND;;
;CS56J;Пила бензиновая (бензопила) HND CS 56 J;++
;CS25J;Пила бензиновая (бензопила) HND CS 25 J НОВИНКА!!!;+
;BC35XH;Триммер (мотокоса) бензиновый HND BC 35 XH;++
;BC35XB;Триммер (мотокоса) бензиновый HND BC 35 XB;ожидается
;LM46XP;Газонокосилка бензиновая (бензокосилка) HND LM 46 XP;ожидается
;LM46XS;Газонокосилка бензиновая (бензокосилка) HND LM 46 XS;++
;LM51XS;Газонокосилка бензиновая (бензокосилка) HND LM 51 XS;++
;LM53XS;Газонокосилка бензиновая (бензокосилка) HND LM 53 XS;++
;LM53XP;Газонокосилка бензиновая (бензокосилка) HND LM 53 XP;ожидается
;ST61PW;Снегоуборщик (снегоотбрасыватель) бензиновый HND ST 61 PW НОВИНКА!!!;+
;ST61PSW;Снегоуборщик (снегоотбрасыватель) бензиновый HND ST 61 PSW НОВИНКА!!!;++
;ST76XSW;Снегоуборщик (снегоотбрасыватель) бензиновый HND ST 76 XSW НОВИНКА!!!;+
;ST71XST;Снегоуборщик (снегоотбрасыватель) бензиновый HND ST 71 XST НОВИНКА!!!;+
;ST76XST;Снегоуборщик (снегоотбрасыватель) бензиновый HND ST 76 XST НОВИНКА!!!;ожидается
;ST61XWR;Снегоуборщик (снегоотбрасыватель) бензиновый HND ST 61 XWR НОВИНКА!!!;++
;Лодочные моторы HND;;ожидается
;OB15FHS;Подвесной лодочный мотор HND OB 15 FHS НОВИНКА!!!;+
;OB15HS;Подвесной лодочный мотор HND OB 15 HS НОВИНКА!!!;+
;OB2.5FHS;Подвесной лодочный мотор HND OB 2.5 FHS НОВИНКА!!!;+
;OB2.5HS;Подвесной лодочный мотор HND OB 2.5 HS НОВИНКА!!!;+
;OB20FIERS;Подвесной лодочный мотор HND OB 20 FIERS НОВИНКА!!!;+
;OB20HS;Подвесной лодочный мотор HND OB 20 HS НОВИНКА!!!;+
;OB30ERS;Подвесной лодочный мотор HND OB 30 ERS НОВИНКА!!!;+
;OB30FIERTS;Подвесной лодочный мотор HND OB 30 FIERTS НОВИНКА!!!;+
;OB5FHS;Подвесной лодочный мотор HND OB 5 FHS НОВИНКА!!!;+
;OB5HS;Подвесной лодочный мотор HND OB 5 HS НОВИНКА!!!;+
;OB6FHS;Подвесной лодочный мотор HND OB 6 FHS НОВИНКА!!!;+
;OB9.8HS;Подвесной лодочный мотор HND OB 9.8 HS НОВИНКА!!!;+
;OB9.9ERS PRO;Подвесной лодочный мотор HND OB 9.9 ERS PRO НОВИНКА!!!;+
;OB9.9HS;Подвесной лодочный мотор HND OB 9.9 HS НОВИНКА!!!;+
;OB9.9HS PRO;Подвесной лодочный мотор HND OB 9.9 HS PRO НОВИНКА!!!;+
;Лодочные моторы Honda;;ожидается
;BF10DK2SHD;Подвесной лодочный мотор Honda BF 10 DK2 SHD НОВИНКА!!!;+
;BF15DK2SHD;Подвесной лодочный мотор Honda BF 15 SHD НОВИНКА!!!;+
;BF2,3DHSCHH;Подвесной лодочный мотор Honda BF 2,3 SCHH НОВИНКА!!!;+
;BF2,3DHSCHU;Подвесной лодочный мотор Honda BF 2.3 SCHU НОВИНКА!!!;ожидается
;BF20DK2SRTU;Подвесной лодочный мотор Honda BF 20 DК2 SRTU НОВИНКА!!!;ожидается
;BF30DK2LRTD;Подвесной лодочный мотор Honda BF 30 LRTD НОВИНКА!!!;+
;BF6AHSHNH;Подвесной лодочный мотор Honda BF 6 SHNH НОВИНКА!!!;+
